Model,Accuracy,F1_Score
Logistic Regression,0.8087774294670846,0.8085702401952433
Decision Tree,0.7823555754590238,0.782213271658212
Random Forest,0.8414688759516346,0.841535909376415
Gradient Boosting,0.8244514106583072,0.8245366615272571
XGBoost,0.8437080161218092,0.8437844660878708
SVM,0.8356471115091805,0.8357081563313226
KNN,0.7559337214509628,0.7543703021776124
Naive Bayes,0.729064039408867,0.7221421601289889
